Workbook

Sheet Consolidado_General
A1: ID Empleado | B1: Nombre Completo | C1: Departamento | D1: Cargo | E1: Fecha Ingreso | F1: Tipo Contrato | G1: Salario Básico ($) | H1: Desempeño (1-5) | I1: Satisfacción (1-5) | J1: Est. Permanencia (Meses) | K1: Est. Permanencia (Años) | L1: Riesgo Retención
A2: EMP-101 | B2: Juan Pérez | C2: Ventas | D2: Ejecutivo de Ventas | E2: 2021-08-02 | F2: Indefinido | G2: 4554301 | H2: 3.2 | I2: 4.4 | J2: =ROUND((H2*6)+(I2*8)+IF(F2="Indefinido",12,4), 0) | K2: =ROUND(J2/12, 1) | L2: Bajo
A3: EMP-102 | B3: María Rodríguez | C3: Recursos Humanos | D3: Generalista RH | E3: 2018-10-13 | F3: Indefinido | G3: 7074866 | H3: 4.5 | I3: 4.2 | J3: =ROUND((H3*6)+(I3*8)+IF(F3="Indefinido",12,4), 0) | K3: =ROUND(J3/12, 1) | L3: Bajo
A4: EMP-103 | B4: Carlos Gómez | C4: Finanzas | D4: Analista Financiero | E4: 2021-04-24 | F4: Indefinido | G4: 4334068 | H4: 3.8 | I4: 2.6 | J4: =ROUND((H4*6)+(I4*8)+IF(F4="Indefinido",12,4), 0) | K4: =ROUND(J4/12, 1) | L4: Alto
A5: EMP-104 | B5: Ana Martínez | C5: Operaciones | D5: Coordinador Logístico | E5: 2020-10-31 | F5: Fijo 1 Año | G5: 7071300 | H5: 4.2 | I5: 3.9 | J5: =ROUND((H5*6)+(I5*8)+IF(F5="Indefinido",12,4), 0) | K5: =ROUND(J5/12, 1) | L5: Medio
A6: EMP-105 | B6: Luis Hernández | C6: Tecnología | D6: Desarrollador Senior | E6: 2019-03-28 | F6: Indefinido | G6: 2554515 | H6: 3.9 | I6: 3.2 | J6: =ROUND((H6*6)+(I6*8)+IF(F6="Indefinido",12,4), 0) | K6: =ROUND(J6/12, 1) | L6: Medio
A7: EMP-106 | B7: Laura López | C7: Ventas | D7: Ejecutivo de Ventas | E7: 2021-11-30 | F7: Fijo 1 Año | G7: 4306182 | H7: 3.8 | I7: 3.2 | J7: =ROUND((H7*6)+(I7*8)+IF(F7="Indefinido",12,4), 0) | K7: =ROUND(J7/12, 1) | L7: Medio
A8: EMP-107 | B8: Diego González | C8: Recursos Humanos | D8: Generalista RH | E8: 2018-07-29 | F8: Obra o Labor | G8: 5385309 | H8: 3.2 | I8: 2.7 | J8: =ROUND((H8*6)+(I8*8)+IF(F8="Indefinido",12,4), 0) | K8: =ROUND(J8/12, 1) | L8: Alto
A9: EMP-108 | B9: Sofía Torres | C9: Finanzas | D9: Analista Financiero | E9: 2019-06-26 | F9: Indefinido | G9: 6998207 | H9: 4.6 | I9: 4.3 | J9: =ROUND((H9*6)+(I9*8)+IF(F9="Indefinido",12,4), 0) | K9: =ROUND(J9/12, 1) | L9: Bajo
A10: EMP-109 | B10: Javier Ramírez | C10: Operaciones | D10: Coordinador Logístico | E10: 2020-02-15 | F10: Obra o Labor | G10: 5533614 | H10: 3.2 | I10: 3.2 | J10: =ROUND((H10*6)+(I10*8)+IF(F10="Indefinido",12,4), 0) | K10: =ROUND(J10/12, 1) | L10: Medio
A11: EMP-110 | B11: Valeria Flores | C11: Tecnología | D11: Desarrollador Senior | E11: 2019-01-29 | F11: Fijo 1 Año | G11: 4411749 | H11: 4.4 | I11: 2.6 | J11: =ROUND((H11*6)+(I11*8)+IF(F11="Indefinido",12,4), 0) | K11: =ROUND(J11/12, 1) | L11: Alto
A12: EMP-111 | B12: Fernando Ruiz | C12: Ventas | D12: Ejecutivo de Ventas | E12: 2018-06-13 | F12: Fijo 1 Año | G12: 5688729 | H12: 4.7 | I12: 4.7 | J12: =ROUND((H12*6)+(I12*8)+IF(F12="Indefinido",12,4), 0) | K12: =ROUND(J12/12, 1) | L12: Bajo
A13: EMP-112 | B13: Camila Morales | C13: Recursos Humanos | D13: Generalista RH | E13: 2020-07-17 | F13: Fijo 1 Año | G13: 5605303 | H13: 4.3 | I13: 3.4 | J13: =ROUND((H13*6)+(I13*8)+IF(F13="Indefinido",12,4), 0) | K13: =ROUND(J13/12, 1) | L13: Medio
... A21: EMP-120 | B21: Victoria Guerrero | C21: Tecnología | D21: Desarrollador Senior | E21: 2019-06-27 | F21: Fijo 1 Año | G21: 7021269 | H21: 3.3 | I21: 4.4 | J21: =ROUND((H21*6)+(I21*8)+IF(F21="Indefinido",12,4), 0) | K21: =ROUND(J21/12, 1) | L21: Bajo
A22: PROMEDIO / TOTAL | G22: =AVERAGE(G2:G21) | H22: =AVERAGE(H2:H21) | I22: =AVERAGE(I2:I21) | J22: =AVERAGE(J2:J21) | K22: =AVERAGE(K2:K21)

Sheet Resumen_Dashboard
A1: Departamento | B1: Cantidad Empleados | C1: Promedio Permanencia (Años) | D1: Salario Promedio ($)
A2: Tecnología | B2: =COUNTIF(Consolidado_General!C$2:C$21, "Tecnología") | C2: =AVERAGEIF(Consolidado_General!C$2:C$21, "Tecnología", Consolidado_General!K$2:K$21) | D2: =AVERAGEIF(Consolidado_General!C$2:C$21, "Tecnología", Consolidado_General!G$2:G$21)
A3: Ventas | B3: =COUNTIF(Consolidado_General!C$2:C$21, "Ventas") | C3: =AVERAGEIF(Consolidado_General!C$2:C$21, "Ventas", Consolidado_General!K$2:K$21) | D3: =AVERAGEIF(Consolidado_General!C$2:C$21, "Ventas", Consolidado_General!G$2:G$21)
A4: Recursos Humanos | B4: =COUNTIF(Consolidado_General!C$2:C$21, "Recursos Humanos") | C4: =AVERAGEIF(Consolidado_General!C$2:C$21, "Recursos Humanos", Consolidado_General!K$2:K$21) | D4: =AVERAGEIF(Consolidado_General!C$2:C$21, "Recursos Humanos", Consolidado_General!G$2:G$21)
A5: Finanzas | B5: =COUNTIF(Consolidado_General!C$2:C$21, "Finanzas") | C5: =AVERAGEIF(Consolidado_General!C$2:C$21, "Finanzas", Consolidado_General!K$2:K$21) | D5: =AVERAGEIF(Consolidado_General!C$2:C$21, "Finanzas", Consolidado_General!G$2:G$21)
A6: Operaciones | B6: =COUNTIF(Consolidado_General!C$2:C$21, "Operaciones") | C6: =AVERAGEIF(Consolidado_General!C$2:C$21, "Operaciones", Consolidado_General!K$2:K$21) | D6: =AVERAGEIF(Consolidado_General!C$2:C$21, "Operaciones", Consolidado_General!G$2:G$21)
